[{
                 "userid": 900,
                 "email": "redi223@gmail.com",
                 "date_joined": -1573012800000,
                "modified": 1582747201000,
                "type": 1,
                "deleted": false,
                "username": "ttg22"
                }
              ,
              {
                "userid": 1000,
              "email": "sami23@gmail.com",
              "date_joined": -1673019800000,
              "modified": 1782748201000,
              "type": 5,
              "deleted": false,
              "username": "redi2"
              } 
              ]  